INSERT INTO USER (USERNAME, PASSWORD,EMAIL, ENABLED) VALUES ('admin@gmail.com','12345','admin@gmail.com',TRUE);
INSERT INTO USER (USERNAME, PASSWORD, EMAIL, ENABLED) VALUES ('novand@outlook.com','12345','novand@gmail.com',TRUE);
INSERT INTO USER (USERNAME, PASSWORD, EMAIL, ENABLED) VALUES ('test1@outlook.com','12345','test1@outlook.com',TRUE);
INSERT INTO USER (USERNAME, PASSWORD, EMAIL, ENABLED) VALUES ('test2@outlook.com','12345','test2@outlook.com',TRUE);
INSERT INTO USER (USERNAME, PASSWORD, EMAIL, ENABLED) VALUES ('test3@outlook.com','12345','test2@outlook.com',TRUE);
INSERT INTO USER (USERNAME, PASSWORD, EMAIL, ENABLED) VALUES ('test4@outlook.com','12345','test2@outlook.com',TRUE);
INSERT INTO USER (USERNAME, PASSWORD, EMAIL, ENABLED) VALUES ('test5@outlook.com','12345','test2@outlook.com',TRUE);
INSERT INTO USER (USERNAME, PASSWORD, EMAIL, ENABLED) VALUES ('test6@outlook.com','12345','test2@outlook.com',TRUE);
INSERT INTO USER (USERNAME, PASSWORD, EMAIL, ENABLED) VALUES ('test7@outlook.com','12345','test2@outlook.com',TRUE);
INSERT INTO USER (USERNAME, PASSWORD, EMAIL, ENABLED) VALUES ('test8@outlook.com','12345','test2@outlook.com',TRUE);
INSERT INTO USER (USERNAME, PASSWORD, EMAIL, ENABLED) VALUES ('roleuser@outlook.com','12345','roleuser@outlook.com',TRUE);
INSERT INTO USER (USERNAME, PASSWORD, EMAIL, ENABLED) VALUES ('superuser@outlook.com','12345','superuser@outlook.com',TRUE);

INSERT INTO AUTHORITIES (USERNAME,AUTHORITY) VALUES ('admin@gmail.com','ROLE_ADMIN');
INSERT INTO AUTHORITIES (USERNAME,AUTHORITY) VALUES ('roleuser@outlook.com','ROLE_USER');
INSERT INTO AUTHORITIES (USERNAME,AUTHORITY) VALUES ('superuser@outlook.com','ROLE_SUPER_USER');

INSERT INTO STATION (STATION_ID,STATIONNAME) VALUES (1,'Moscow');
INSERT INTO STATION (STATION_ID,STATIONNAME) VALUES (2,'Saint Petersburg');
INSERT INTO STATION (STATION_ID,STATIONNAME) VALUES (3,'Tver');
INSERT INTO STATION (STATION_ID,STATIONNAME) VALUES (4,'Pskov');
INSERT INTO STATION (STATION_ID,STATIONNAME) VALUES (5,'Samara');
INSERT INTO STATION (STATION_ID,STATIONNAME) VALUES (6,'Ryazan');
INSERT INTO STATION (STATION_ID,STATIONNAME) VALUES (7,'Kazan');
INSERT INTO STATION (STATION_ID,STATIONNAME) VALUES (8,'Ufa');
INSERT INTO STATION (STATION_ID,STATIONNAME) VALUES (9,'Chelyabinsk');
INSERT INTO STATION (STATION_ID,STATIONNAME) VALUES (10,'Yekaterinburg');
INSERT INTO STATION (STATION_ID,STATIONNAME) VALUES (11,'Novosibirsk');
INSERT INTO STATION (STATION_ID,STATIONNAME) VALUES (12,'Kolpino');
INSERT INTO STATION (STATION_ID,STATIONNAME) VALUES (13,'Sochi');
INSERT INTO STATION (STATION_ID,STATIONNAME) VALUES (14,'Arkhangelsk');


INSERT INTO TRAINROUTE (TRAIN_ID,FROMSTATION,TOSTATION) VALUES (1,13,2);
INSERT INTO TRAINROUTE (TRAIN_ID,FROMSTATION,TOSTATION) VALUES (2,1,14);
INSERT INTO TRAINROUTE (TRAIN_ID,FROMSTATION,TOSTATION) VALUES (3,1,2);
INSERT INTO TRAINROUTE (TRAIN_ID,FROMSTATION,TOSTATION) VALUES (4,1,2);

INSERT INTO TRAIN (TRAIN_ID,TRAINNAME,TRAINCODE,SEATSNUMBER) VALUES (1,'','800',240);
INSERT INTO TRAIN (TRAIN_ID,TRAINNAME,TRAINCODE,SEATSNUMBER) VALUES (2,'','801',300);
INSERT INTO TRAIN (TRAIN_ID,TRAINNAME,TRAINCODE,SEATSNUMBER) VALUES (3,'','025',200);
INSERT INTO TRAIN (TRAIN_ID,TRAINNAME,TRAINCODE,SEATSNUMBER) VALUES (4,'','029',300);

INSERT INTO SCHEDULE (SCHEDULENAME,TRAIN_ID,ARRIVAL_STATION_ID,DEPARTURE_STATION_ID,INTERVAL_M) VALUES ('fi','1',13,1,600);
INSERT INTO SCHEDULE (SCHEDULENAME,TRAIN_ID,ARRIVAL_STATION_ID,DEPARTURE_STATION_ID,INTERVAL_M) VALUES ('fi','1',1,3,800);
INSERT INTO SCHEDULE (SCHEDULENAME,TRAIN_ID,ARRIVAL_STATION_ID,DEPARTURE_STATION_ID,INTERVAL_M) VALUES ('fi','1',3,12,959);
INSERT INTO SCHEDULE (SCHEDULENAME,TRAIN_ID,ARRIVAL_STATION_ID,DEPARTURE_STATION_ID,INTERVAL_M) VALUES ('fi','1',12,2,1259);
INSERT INTO SCHEDULE (SCHEDULENAME,TRAIN_ID,ARRIVAL_STATION_ID,DEPARTURE_STATION_ID,INTERVAL_M) VALUES ('fi','2',1,3,150);
INSERT INTO SCHEDULE (SCHEDULENAME,TRAIN_ID,ARRIVAL_STATION_ID,DEPARTURE_STATION_ID,INTERVAL_M) VALUES ('fi','2',3,12,250);
INSERT INTO SCHEDULE (SCHEDULENAME,TRAIN_ID,ARRIVAL_STATION_ID,DEPARTURE_STATION_ID,INTERVAL_M) VALUES ('fi','2',12,2,450);
INSERT INTO SCHEDULE (SCHEDULENAME,TRAIN_ID,ARRIVAL_STATION_ID,DEPARTURE_STATION_ID,INTERVAL_M) VALUES ('fi','2',2,14,750);
INSERT INTO SCHEDULE (SCHEDULENAME,TRAIN_ID,ARRIVAL_STATION_ID,DEPARTURE_STATION_ID,INTERVAL_M) VALUES ('fi','3',13,1,600);
INSERT INTO SCHEDULE (SCHEDULENAME,TRAIN_ID,ARRIVAL_STATION_ID,DEPARTURE_STATION_ID,INTERVAL_M) VALUES ('fi','3',1,3,800);
INSERT INTO SCHEDULE (SCHEDULENAME,TRAIN_ID,ARRIVAL_STATION_ID,DEPARTURE_STATION_ID,INTERVAL_M) VALUES ('fi','3',3,12,959);
INSERT INTO SCHEDULE (SCHEDULENAME,TRAIN_ID,ARRIVAL_STATION_ID,DEPARTURE_STATION_ID,INTERVAL_M) VALUES ('fi','3',12,2,1259);
INSERT INTO SCHEDULE (SCHEDULENAME,TRAIN_ID,ARRIVAL_STATION_ID,DEPARTURE_STATION_ID,INTERVAL_M) VALUES ('fi','4',1,3,150);
INSERT INTO SCHEDULE (SCHEDULENAME,TRAIN_ID,ARRIVAL_STATION_ID,DEPARTURE_STATION_ID,INTERVAL_M) VALUES ('fi','4',3,12,250);
INSERT INTO SCHEDULE (SCHEDULENAME,TRAIN_ID,ARRIVAL_STATION_ID,DEPARTURE_STATION_ID,INTERVAL_M) VALUES ('fi','4',12,2,450);
INSERT INTO SCHEDULE (SCHEDULENAME,TRAIN_ID,ARRIVAL_STATION_ID,DEPARTURE_STATION_ID,INTERVAL_M) VALUES ('fi','4',2,14,750);


INSERT INTO TRAINSCHEDULEDATES (TRAIN_ID,DEPARTUREDATE) VALUES ('1','2018-04-28 10:30:00');
INSERT INTO TRAINSCHEDULEDATES (TRAIN_ID,DEPARTUREDATE) VALUES ('1','2018-04-29 10:30:00');
INSERT INTO TRAINSCHEDULEDATES (TRAIN_ID,DEPARTUREDATE) VALUES ('1','2018-04-30 10:30:00');
INSERT INTO TRAINSCHEDULEDATES (TRAIN_ID,DEPARTUREDATE) VALUES ('1','2018-05-01 10:30:00');
INSERT INTO TRAINSCHEDULEDATES (TRAIN_ID,DEPARTUREDATE) VALUES ('1','2018-05-03 10:30:00');
INSERT INTO TRAINSCHEDULEDATES (TRAIN_ID,DEPARTUREDATE) VALUES ('1','2018-05-04 10:30:00');
INSERT INTO TRAINSCHEDULEDATES (TRAIN_ID,DEPARTUREDATE) VALUES ('1','2018-05-05 10:30:00');
INSERT INTO TRAINSCHEDULEDATES (TRAIN_ID,DEPARTUREDATE) VALUES ('1','2018-05-06 10:30:00');

INSERT INTO TRAINSCHEDULEDATES (TRAIN_ID,DEPARTUREDATE) VALUES ('2','2018-04-28 14:45:00');
INSERT INTO TRAINSCHEDULEDATES (TRAIN_ID,DEPARTUREDATE) VALUES ('2','2018-04-29 14:45:00');
INSERT INTO TRAINSCHEDULEDATES (TRAIN_ID,DEPARTUREDATE) VALUES ('2','2018-04-30 14:45:00');
INSERT INTO TRAINSCHEDULEDATES (TRAIN_ID,DEPARTUREDATE) VALUES ('2','2018-05-01 14:45:00');
INSERT INTO TRAINSCHEDULEDATES (TRAIN_ID,DEPARTUREDATE) VALUES ('2','2018-05-03 14:45:00');
INSERT INTO TRAINSCHEDULEDATES (TRAIN_ID,DEPARTUREDATE) VALUES ('2','2018-05-04 14:45:00');
INSERT INTO TRAINSCHEDULEDATES (TRAIN_ID,DEPARTUREDATE) VALUES ('2','2018-05-05 14:45:00');
INSERT INTO TRAINSCHEDULEDATES (TRAIN_ID,DEPARTUREDATE) VALUES ('2','2018-05-06 14:45:00');

INSERT INTO TRAINTARIFF (TRAIN_ID,ARRIVAL_STATION_ID,DEPARTURE_STATION_ID,TARIFF) VALUES ('1',13,1,600.00);
INSERT INTO TRAINTARIFF (TRAIN_ID,ARRIVAL_STATION_ID,DEPARTURE_STATION_ID,TARIFF) VALUES ('1',1,3,200.00);
INSERT INTO TRAINTARIFF (TRAIN_ID,ARRIVAL_STATION_ID,DEPARTURE_STATION_ID,TARIFF) VALUES ('1',3,12,123.00);
INSERT INTO TRAINTARIFF (TRAIN_ID,ARRIVAL_STATION_ID,DEPARTURE_STATION_ID,TARIFF) VALUES ('1',12,2,245.00);
INSERT INTO TRAINTARIFF (TRAIN_ID,ARRIVAL_STATION_ID,DEPARTURE_STATION_ID,TARIFF) VALUES ('2',1,3,124.00);
INSERT INTO TRAINTARIFF (TRAIN_ID,ARRIVAL_STATION_ID,DEPARTURE_STATION_ID,TARIFF) VALUES ('2',3,12,255.00);
INSERT INTO TRAINTARIFF (TRAIN_ID,ARRIVAL_STATION_ID,DEPARTURE_STATION_ID,TARIFF) VALUES ('2',12,2,570.00);
INSERT INTO TRAINTARIFF (TRAIN_ID,ARRIVAL_STATION_ID,DEPARTURE_STATION_ID,TARIFF) VALUES ('2',2,14,468.00);
